experiment_name,generation_ticks,inference_interval,percentile,rtt_percentile_ms,constraint1_satisfied,constraint2_satisfied,both_satisfied,constraint_status
local_direct_final_test,2.0,1,50,62.309701490448745,True,True,True,0
local_direct_final_test,2.0,1,70,63.95293578971173,True,True,True,0
local_direct_final_test,2.0,1,80,65.08457278250708,True,True,True,0
local_direct_final_test,2.0,1,90,73.6918149050325,True,True,True,0
local_direct_final_test,2.0,1,95,84.42371097917197,True,True,True,0
local_direct_final_test,2.0,1,99,115.16971360048045,True,True,True,0
local_direct_final_test,3.0,1,50,97.40866949141486,True,True,True,0
local_direct_final_test,3.0,1,70,99.16420599038244,True,True,True,0
local_direct_final_test,3.0,1,80,101.5993189939763,True,True,True,0
local_direct_final_test,3.0,1,90,105.49178560904691,True,True,True,0
local_direct_final_test,3.0,1,95,114.70151551766313,True,True,True,0
local_direct_final_test,3.0,1,99,118.34067098476224,True,True,True,0
local_direct_final_test,3.0,2,50,97.40866949141486,True,True,True,0
local_direct_final_test,3.0,2,70,99.16420599038244,True,True,True,0
local_direct_final_test,3.0,2,80,101.5993189939763,True,True,True,0
local_direct_final_test,3.0,2,90,105.49178560904691,True,True,True,0
local_direct_final_test,3.0,2,95,114.70151551766313,True,True,True,0
local_direct_final_test,3.0,2,99,118.34067098476224,True,True,True,0
local_direct_final_test,4.0,1,50,132.81553999695456,False,True,False,1
local_direct_final_test,4.0,1,70,135.01034588553006,False,True,False,1
local_direct_final_test,4.0,1,80,138.80058178910986,False,True,False,1
local_direct_final_test,4.0,1,90,147.51330150756982,False,True,False,1
local_direct_final_test,4.0,1,95,154.02788889041398,False,True,False,1
local_direct_final_test,4.0,1,99,157.24733562616166,False,True,False,1
local_direct_final_test,4.0,2,50,132.81553999695456,True,True,True,0
local_direct_final_test,4.0,2,70,135.01034588553006,True,True,True,0
local_direct_final_test,4.0,2,80,138.80058178910986,True,True,True,0
local_direct_final_test,4.0,2,90,147.51330150756982,True,True,True,0
local_direct_final_test,4.0,2,95,154.02788889041398,True,True,True,0
local_direct_final_test,4.0,2,99,157.24733562616166,True,True,True,0
local_direct_final_test,4.0,3,50,132.81553999695456,True,False,False,2
local_direct_final_test,4.0,3,70,135.01034588553006,True,False,False,2
local_direct_final_test,4.0,3,80,138.80058178910986,True,False,False,2
local_direct_final_test,4.0,3,90,147.51330150756982,True,False,False,2
local_direct_final_test,4.0,3,95,154.02788889041398,True,False,False,2
local_direct_final_test,4.0,3,99,157.24733562616166,True,False,False,2
local_direct_final_test,5.0,1,50,168.45127998385576,False,True,False,1
local_direct_final_test,5.0,1,70,172.5728101067943,False,True,False,1
local_direct_final_test,5.0,1,80,180.59258839930405,False,True,False,1
local_direct_final_test,5.0,1,90,189.45098951808174,False,True,False,1
local_direct_final_test,5.0,1,95,194.11354374315118,False,True,False,1
local_direct_final_test,5.0,1,99,207.02350933337576,False,True,False,1
local_direct_final_test,5.0,2,50,168.45127998385576,True,True,True,0
local_direct_final_test,5.0,2,70,172.5728101067943,True,True,True,0
local_direct_final_test,5.0,2,80,180.59258839930405,True,True,True,0
local_direct_final_test,5.0,2,90,189.45098951808174,True,True,True,0
local_direct_final_test,5.0,2,95,194.11354374315118,True,True,True,0
local_direct_final_test,5.0,2,99,207.02350933337576,True,True,True,0
local_direct_final_test,5.0,3,50,168.45127998385576,True,True,True,0
local_direct_final_test,5.0,3,70,172.5728101067943,True,True,True,0
local_direct_final_test,5.0,3,80,180.59258839930405,True,True,True,0
local_direct_final_test,5.0,3,90,189.45098951808174,True,True,True,0
local_direct_final_test,5.0,3,95,194.11354374315118,True,True,True,0
local_direct_final_test,5.0,3,99,207.02350933337576,True,True,True,0
local_direct_final_test,5.0,4,50,168.45127998385576,True,False,False,2
local_direct_final_test,5.0,4,70,172.5728101067943,True,False,False,2
local_direct_final_test,5.0,4,80,180.59258839930405,True,False,False,2
local_direct_final_test,5.0,4,90,189.45098951808174,True,False,False,2
local_direct_final_test,5.0,4,95,194.11354374315118,True,False,False,2
local_direct_final_test,5.0,4,99,207.02350933337576,True,False,False,2
local_direct_final_test,6.0,1,50,204.01758448861068,False,True,False,1
local_direct_final_test,6.0,1,70,209.3195318069774,False,True,False,1
local_direct_final_test,6.0,1,80,217.5345802097581,False,True,False,1
local_direct_final_test,6.0,1,90,225.55812407517803,False,True,False,1
local_direct_final_test,6.0,1,95,232.86504639836485,False,True,False,1
local_direct_final_test,6.0,1,99,241.4234720848617,False,True,False,1
local_direct_final_test,6.0,2,50,204.01758448861068,True,True,True,0
local_direct_final_test,6.0,2,70,209.3195318069774,True,True,True,0
local_direct_final_test,6.0,2,80,217.5345802097581,True,True,True,0
local_direct_final_test,6.0,2,90,225.55812407517803,True,True,True,0
local_direct_final_test,6.0,2,95,232.86504639836485,True,True,True,0
local_direct_final_test,6.0,2,99,241.4234720848617,True,True,True,0
local_direct_final_test,6.0,3,50,204.01758448861068,True,True,True,0
local_direct_final_test,6.0,3,70,209.3195318069774,True,True,True,0
local_direct_final_test,6.0,3,80,217.5345802097581,True,True,True,0
local_direct_final_test,6.0,3,90,225.55812407517803,True,True,True,0
local_direct_final_test,6.0,3,95,232.86504639836485,True,True,True,0
local_direct_final_test,6.0,3,99,241.4234720848617,True,True,True,0
local_direct_final_test,6.0,4,50,204.01758448861068,True,True,True,0
local_direct_final_test,6.0,4,70,209.3195318069774,True,True,True,0
local_direct_final_test,6.0,4,80,217.5345802097581,True,True,True,0
local_direct_final_test,6.0,4,90,225.55812407517803,True,True,True,0
local_direct_final_test,6.0,4,95,232.86504639836485,True,True,True,0
local_direct_final_test,6.0,4,99,241.4234720848617,True,True,True,0
local_direct_final_test,6.0,5,50,204.01758448861068,True,False,False,2
local_direct_final_test,6.0,5,70,209.3195318069774,True,False,False,2
local_direct_final_test,6.0,5,80,217.5345802097581,True,False,False,2
local_direct_final_test,6.0,5,90,225.55812407517803,True,False,False,2
local_direct_final_test,6.0,5,95,232.86504639836485,True,False,False,2
local_direct_final_test,6.0,5,99,241.4234720848617,True,False,False,2
local_direct_final_test,7.0,1,50,240.04637749749236,False,True,False,1
local_direct_final_test,7.0,1,70,250.37399240827648,False,True,False,1
local_direct_final_test,7.0,1,80,257.70423719077365,False,True,False,1
local_direct_final_test,7.0,1,90,267.6491142017767,False,True,False,1
local_direct_final_test,7.0,1,95,280.35696354781965,False,True,False,1
local_direct_final_test,7.0,1,99,294.50166967551917,False,True,False,1
local_direct_final_test,7.0,2,50,240.04637749749236,True,True,True,0
local_direct_final_test,7.0,2,70,250.37399240827648,False,True,False,1
local_direct_final_test,7.0,2,80,257.70423719077365,False,True,False,1
local_direct_final_test,7.0,2,90,267.6491142017767,False,True,False,1
local_direct_final_test,7.0,2,95,280.35696354781965,False,True,False,1
local_direct_final_test,7.0,2,99,294.50166967551917,False,True,False,1
local_direct_final_test,7.0,3,50,240.04637749749236,True,True,True,0
local_direct_final_test,7.0,3,70,250.37399240827648,True,True,True,0
local_direct_final_test,7.0,3,80,257.70423719077365,True,True,True,0
local_direct_final_test,7.0,3,90,267.6491142017767,True,True,True,0
local_direct_final_test,7.0,3,95,280.35696354781965,True,True,True,0
local_direct_final_test,7.0,3,99,294.50166967551917,True,True,True,0
local_direct_final_test,7.0,4,50,240.04637749749236,True,True,True,0
local_direct_final_test,7.0,4,70,250.37399240827648,True,True,True,0
local_direct_final_test,7.0,4,80,257.70423719077365,True,True,True,0
local_direct_final_test,7.0,4,90,267.6491142017767,True,True,True,0
local_direct_final_test,7.0,4,95,280.35696354781965,True,True,True,0
local_direct_final_test,7.0,4,99,294.50166967551917,True,True,True,0
local_direct_final_test,7.0,5,50,240.04637749749236,True,True,True,0
local_direct_final_test,7.0,5,70,250.37399240827648,True,False,False,2
local_direct_final_test,7.0,5,80,257.70423719077365,True,False,False,2
local_direct_final_test,7.0,5,90,267.6491142017767,True,False,False,2
local_direct_final_test,7.0,5,95,280.35696354781965,True,False,False,2
local_direct_final_test,7.0,5,99,294.50166967551917,True,False,False,2
local_direct_final_test,7.0,6,50,240.04637749749236,True,False,False,2
local_direct_final_test,7.0,6,70,250.37399240827648,True,False,False,2
local_direct_final_test,7.0,6,80,257.70423719077365,True,False,False,2
local_direct_final_test,7.0,6,90,267.6491142017767,True,False,False,2
local_direct_final_test,7.0,6,95,280.35696354781965,True,False,False,2
local_direct_final_test,7.0,6,99,294.50166967551917,True,False,False,2
local_direct_final_test,8.0,1,50,276.06568099872675,False,True,False,1
local_direct_final_test,8.0,1,70,291.8074280867586,False,True,False,1
local_direct_final_test,8.0,1,80,298.42074300395325,False,True,False,1
local_direct_final_test,8.0,1,90,308.6051453865366,False,True,False,1
local_direct_final_test,8.0,1,95,317.8810190103831,False,True,False,1
local_direct_final_test,8.0,1,99,328.4961304784519,False,True,False,1
local_direct_final_test,8.0,2,50,276.06568099872675,False,True,False,1
local_direct_final_test,8.0,2,70,291.8074280867586,False,True,False,1
local_direct_final_test,8.0,2,80,298.42074300395325,False,True,False,1
local_direct_final_test,8.0,2,90,308.6051453865366,False,True,False,1
local_direct_final_test,8.0,2,95,317.8810190103831,False,True,False,1
local_direct_final_test,8.0,2,99,328.4961304784519,False,True,False,1
local_direct_final_test,8.0,3,50,276.06568099872675,True,True,True,0
local_direct_final_test,8.0,3,70,291.8074280867586,True,True,True,0
local_direct_final_test,8.0,3,80,298.42074300395325,True,True,True,0
local_direct_final_test,8.0,3,90,308.6051453865366,True,True,True,0
local_direct_final_test,8.0,3,95,317.8810190103831,True,True,True,0
local_direct_final_test,8.0,3,99,328.4961304784519,True,True,True,0
local_direct_final_test,8.0,4,50,276.06568099872675,True,True,True,0
local_direct_final_test,8.0,4,70,291.8074280867586,True,True,True,0
local_direct_final_test,8.0,4,80,298.42074300395325,True,True,True,0
local_direct_final_test,8.0,4,90,308.6051453865366,True,True,True,0
local_direct_final_test,8.0,4,95,317.8810190103831,True,True,True,0
local_direct_final_test,8.0,4,99,328.4961304784519,True,True,True,0
local_direct_final_test,8.0,5,50,276.06568099872675,True,True,True,0
local_direct_final_test,8.0,5,70,291.8074280867586,True,True,True,0
local_direct_final_test,8.0,5,80,298.42074300395325,True,True,True,0
local_direct_final_test,8.0,5,90,308.6051453865366,True,True,True,0
local_direct_final_test,8.0,5,95,317.8810190103831,True,True,True,0
local_direct_final_test,8.0,5,99,328.4961304784519,True,True,True,0
local_direct_final_test,8.0,6,50,276.06568099872675,True,False,False,2
local_direct_final_test,8.0,6,70,291.8074280867586,True,False,False,2
local_direct_final_test,8.0,6,80,298.42074300395325,True,False,False,2
local_direct_final_test,8.0,6,90,308.6051453865366,True,False,False,2
local_direct_final_test,8.0,6,95,317.8810190103831,True,False,False,2
local_direct_final_test,8.0,6,99,328.4961304784519,True,False,False,2
local_direct_final_test,8.0,7,50,276.06568099872675,True,False,False,2
local_direct_final_test,8.0,7,70,291.8074280867586,True,False,False,2
local_direct_final_test,8.0,7,80,298.42074300395325,True,False,False,2
local_direct_final_test,8.0,7,90,308.6051453865366,True,False,False,2
local_direct_final_test,8.0,7,95,317.8810190103831,True,False,False,2
local_direct_final_test,8.0,7,99,328.4961304784519,True,False,False,2
local_server_final_test,2.0,1,50,110.26314547052604,True,True,True,0
local_server_final_test,2.0,1,70,116.28579561365764,True,True,True,0
local_server_final_test,2.0,1,80,124.61453340947628,True,True,True,0
local_server_final_test,2.0,1,90,131.03528326610095,False,False,False,3
local_server_final_test,2.0,1,95,136.99215000960976,False,False,False,3
local_server_final_test,2.0,1,99,146.33320292574354,False,False,False,3
local_server_final_test,3.0,1,50,156.12514596432447,False,True,False,1
local_server_final_test,3.0,1,70,161.25654551433394,False,True,False,1
local_server_final_test,3.0,1,80,166.59105001017448,False,True,False,1
local_server_final_test,3.0,1,90,180.05574638955292,False,True,False,1
local_server_final_test,3.0,1,95,189.94375382317227,False,True,False,1
local_server_final_test,3.0,1,99,203.6997262842487,False,True,False,1
local_server_final_test,3.0,2,50,156.12514596432447,True,False,False,2
local_server_final_test,3.0,2,70,161.25654551433394,True,False,False,2
local_server_final_test,3.0,2,80,166.59105001017448,True,False,False,2
local_server_final_test,3.0,2,90,180.05574638955292,True,False,False,2
local_server_final_test,3.0,2,95,189.94375382317227,True,False,False,2
local_server_final_test,3.0,2,99,203.6997262842487,True,False,False,2
local_server_final_test,4.0,1,50,205.13308397494256,False,True,False,1
local_server_final_test,4.0,1,70,212.4240085948258,False,True,False,1
local_server_final_test,4.0,1,80,219.91010021883994,False,True,False,1
local_server_final_test,4.0,1,90,230.3525997092947,False,True,False,1
local_server_final_test,4.0,1,95,240.89396064518945,False,True,False,1
local_server_final_test,4.0,1,99,263.1673153559677,False,True,False,1
local_server_final_test,4.0,2,50,205.13308397494256,True,True,True,0
local_server_final_test,4.0,2,70,212.4240085948258,True,True,True,0
local_server_final_test,4.0,2,80,219.91010021883994,True,True,True,0
local_server_final_test,4.0,2,90,230.3525997092947,True,True,True,0
local_server_final_test,4.0,2,95,240.89396064518945,True,True,True,0
local_server_final_test,4.0,2,99,263.1673153559677,False,False,False,3
local_server_final_test,4.0,3,50,205.13308397494256,True,False,False,2
local_server_final_test,4.0,3,70,212.4240085948258,True,False,False,2
local_server_final_test,4.0,3,80,219.91010021883994,True,False,False,2
local_server_final_test,4.0,3,90,230.3525997092947,True,False,False,2
local_server_final_test,4.0,3,95,240.89396064518945,True,False,False,2
local_server_final_test,4.0,3,99,263.1673153559677,True,False,False,2
local_server_final_test,5.0,1,50,250.8008540025912,False,True,False,1
local_server_final_test,5.0,1,70,256.1885000555776,False,True,False,1
local_server_final_test,5.0,1,80,264.1405586386099,False,True,False,1
local_server_final_test,5.0,1,90,277.4567963904701,False,True,False,1
local_server_final_test,5.0,1,95,290.93307054718025,False,True,False,1
local_server_final_test,5.0,1,99,304.8380910337437,False,True,False,1
local_server_final_test,5.0,2,50,250.8008540025912,False,True,False,1
local_server_final_test,5.0,2,70,256.1885000555776,False,True,False,1
local_server_final_test,5.0,2,80,264.1405586386099,False,True,False,1
local_server_final_test,5.0,2,90,277.4567963904701,False,True,False,1
local_server_final_test,5.0,2,95,290.93307054718025,False,True,False,1
local_server_final_test,5.0,2,99,304.8380910337437,False,True,False,1
local_server_final_test,5.0,3,50,250.8008540025912,True,False,False,2
local_server_final_test,5.0,3,70,256.1885000555776,True,False,False,2
local_server_final_test,5.0,3,80,264.1405586386099,True,False,False,2
local_server_final_test,5.0,3,90,277.4567963904701,True,False,False,2
local_server_final_test,5.0,3,95,290.93307054718025,True,False,False,2
local_server_final_test,5.0,3,99,304.8380910337437,True,False,False,2
local_server_final_test,5.0,4,50,250.8008540025912,True,False,False,2
local_server_final_test,5.0,4,70,256.1885000555776,True,False,False,2
local_server_final_test,5.0,4,80,264.1405586386099,True,False,False,2
local_server_final_test,5.0,4,90,277.4567963904701,True,False,False,2
local_server_final_test,5.0,4,95,290.93307054718025,True,False,False,2
local_server_final_test,5.0,4,99,304.8380910337437,True,False,False,2
local_server_final_test,6.0,1,50,299.0067505161278,False,True,False,1
local_server_final_test,6.0,1,70,306.79551694774995,False,True,False,1
local_server_final_test,6.0,1,80,316.57216639723623,False,True,False,1
local_server_final_test,6.0,1,90,336.30068355705583,False,True,False,1
local_server_final_test,6.0,1,95,363.25427704141464,False,True,False,1
local_server_final_test,6.0,1,99,400.9795170056168,False,True,False,1
local_server_final_test,6.0,2,50,299.0067505161278,False,True,False,1
local_server_final_test,6.0,2,70,306.79551694774995,False,True,False,1
local_server_final_test,6.0,2,80,316.57216639723623,False,True,False,1
local_server_final_test,6.0,2,90,336.30068355705583,False,True,False,1
local_server_final_test,6.0,2,95,363.25427704141464,False,True,False,1
local_server_final_test,6.0,2,99,400.9795170056168,False,True,False,1
local_server_final_test,6.0,3,50,299.0067505161278,True,True,True,0
local_server_final_test,6.0,3,70,306.79551694774995,True,True,True,0
local_server_final_test,6.0,3,80,316.57216639723623,True,True,True,0
local_server_final_test,6.0,3,90,336.30068355705583,True,True,True,0
local_server_final_test,6.0,3,95,363.25427704141464,True,True,True,0
local_server_final_test,6.0,3,99,400.9795170056168,False,False,False,3
local_server_final_test,6.0,4,50,299.0067505161278,True,False,False,2
local_server_final_test,6.0,4,70,306.79551694774995,True,False,False,2
local_server_final_test,6.0,4,80,316.57216639723623,True,False,False,2
local_server_final_test,6.0,4,90,336.30068355705583,True,False,False,2
local_server_final_test,6.0,4,95,363.25427704141464,True,False,False,2
local_server_final_test,6.0,4,99,400.9795170056168,True,False,False,2
local_server_final_test,6.0,5,50,299.0067505161278,True,False,False,2
local_server_final_test,6.0,5,70,306.79551694774995,True,False,False,2
local_server_final_test,6.0,5,80,316.57216639723623,True,False,False,2
local_server_final_test,6.0,5,90,336.30068355705583,True,False,False,2
local_server_final_test,6.0,5,95,363.25427704141464,True,False,False,2
local_server_final_test,6.0,5,99,400.9795170056168,True,False,False,2
local_server_final_test,7.0,1,50,403.587062493898,False,True,False,1
local_server_final_test,7.0,1,70,407.8326543327421,False,True,False,1
local_server_final_test,7.0,1,80,409.9771422101184,False,True,False,1
local_server_final_test,7.0,1,90,414.8924539564177,False,True,False,1
local_server_final_test,7.0,1,95,427.847884024959,False,True,False,1
local_server_final_test,7.0,1,99,452.27456247317593,False,True,False,1
local_server_final_test,7.0,2,50,403.587062493898,False,True,False,1
local_server_final_test,7.0,2,70,407.8326543327421,False,True,False,1
local_server_final_test,7.0,2,80,409.9771422101184,False,True,False,1
local_server_final_test,7.0,2,90,414.8924539564177,False,True,False,1
local_server_final_test,7.0,2,95,427.847884024959,False,True,False,1
local_server_final_test,7.0,2,99,452.27456247317593,False,True,False,1
local_server_final_test,7.0,3,50,403.587062493898,False,True,False,1
local_server_final_test,7.0,3,70,407.8326543327421,False,True,False,1
local_server_final_test,7.0,3,80,409.9771422101184,False,True,False,1
local_server_final_test,7.0,3,90,414.8924539564177,False,True,False,1
local_server_final_test,7.0,3,95,427.847884024959,False,True,False,1
local_server_final_test,7.0,3,99,452.27456247317593,False,True,False,1
local_server_final_test,7.0,4,50,403.587062493898,True,False,False,2
local_server_final_test,7.0,4,70,407.8326543327421,True,False,False,2
local_server_final_test,7.0,4,80,409.9771422101184,True,False,False,2
local_server_final_test,7.0,4,90,414.8924539564177,True,False,False,2
local_server_final_test,7.0,4,95,427.847884024959,True,False,False,2
local_server_final_test,7.0,4,99,452.27456247317593,True,False,False,2
local_server_final_test,7.0,5,50,403.587062493898,True,False,False,2
local_server_final_test,7.0,5,70,407.8326543327421,True,False,False,2
local_server_final_test,7.0,5,80,409.9771422101184,True,False,False,2
local_server_final_test,7.0,5,90,414.8924539564177,True,False,False,2
local_server_final_test,7.0,5,95,427.847884024959,True,False,False,2
local_server_final_test,7.0,5,99,452.27456247317593,True,False,False,2
local_server_final_test,7.0,6,50,403.587062493898,True,False,False,2
local_server_final_test,7.0,6,70,407.8326543327421,True,False,False,2
local_server_final_test,7.0,6,80,409.9771422101184,True,False,False,2
local_server_final_test,7.0,6,90,414.8924539564177,True,False,False,2
local_server_final_test,7.0,6,95,427.847884024959,True,False,False,2
local_server_final_test,7.0,6,99,452.27456247317593,True,False,False,2
local_server_final_test,8.0,1,50,410.5006044846959,False,True,False,1
local_server_final_test,8.0,1,70,441.6391204693354,False,True,False,1
local_server_final_test,8.0,1,80,500.70960000157356,False,True,False,1
local_server_final_test,8.0,1,90,509.3580628512427,False,True,False,1
local_server_final_test,8.0,1,95,511.5180190594401,False,True,False,1
local_server_final_test,8.0,1,99,513.1903117522597,False,True,False,1
local_server_final_test,8.0,2,50,410.5006044846959,False,True,False,1
local_server_final_test,8.0,2,70,441.6391204693354,False,True,False,1
local_server_final_test,8.0,2,80,500.70960000157356,False,True,False,1
local_server_final_test,8.0,2,90,509.3580628512427,False,True,False,1
local_server_final_test,8.0,2,95,511.5180190594401,False,True,False,1
local_server_final_test,8.0,2,99,513.1903117522597,False,True,False,1
local_server_final_test,8.0,3,50,410.5006044846959,False,True,False,1
local_server_final_test,8.0,3,70,441.6391204693354,False,True,False,1
local_server_final_test,8.0,3,80,500.70960000157356,False,True,False,1
local_server_final_test,8.0,3,90,509.3580628512427,False,True,False,1
local_server_final_test,8.0,3,95,511.5180190594401,False,True,False,1
local_server_final_test,8.0,3,99,513.1903117522597,False,True,False,1
local_server_final_test,8.0,4,50,410.5006044846959,True,True,True,0
local_server_final_test,8.0,4,70,441.6391204693354,True,True,True,0
local_server_final_test,8.0,4,80,500.70960000157356,False,False,False,3
local_server_final_test,8.0,4,90,509.3580628512427,False,False,False,3
local_server_final_test,8.0,4,95,511.5180190594401,False,False,False,3
local_server_final_test,8.0,4,99,513.1903117522597,False,False,False,3
local_server_final_test,8.0,5,50,410.5006044846959,True,False,False,2
local_server_final_test,8.0,5,70,441.6391204693354,True,False,False,2
local_server_final_test,8.0,5,80,500.70960000157356,True,False,False,2
local_server_final_test,8.0,5,90,509.3580628512427,True,False,False,2
local_server_final_test,8.0,5,95,511.5180190594401,True,False,False,2
local_server_final_test,8.0,5,99,513.1903117522597,True,False,False,2
local_server_final_test,8.0,6,50,410.5006044846959,True,False,False,2
local_server_final_test,8.0,6,70,441.6391204693354,True,False,False,2
local_server_final_test,8.0,6,80,500.70960000157356,True,False,False,2
local_server_final_test,8.0,6,90,509.3580628512427,True,False,False,2
local_server_final_test,8.0,6,95,511.5180190594401,True,False,False,2
local_server_final_test,8.0,6,99,513.1903117522597,True,False,False,2
local_server_final_test,8.0,7,50,410.5006044846959,True,False,False,2
local_server_final_test,8.0,7,70,441.6391204693354,True,False,False,2
local_server_final_test,8.0,7,80,500.70960000157356,True,False,False,2
local_server_final_test,8.0,7,90,509.3580628512427,True,False,False,2
local_server_final_test,8.0,7,95,511.5180190594401,True,False,False,2
local_server_final_test,8.0,7,99,513.1903117522597,True,False,False,2
remote_server_final_test,2.0,1,50,179.844229016453,False,False,False,3
remote_server_final_test,2.0,1,70,186.215291172266,False,False,False,3
remote_server_final_test,2.0,1,80,192.4385499558411,False,False,False,3
remote_server_final_test,2.0,1,90,205.49421641044316,False,False,False,3
remote_server_final_test,2.0,1,95,219.21854730462653,False,False,False,3
remote_server_final_test,2.0,1,99,228.99604505451862,False,False,False,3
remote_server_final_test,3.0,1,50,216.1436460446566,False,True,False,1
remote_server_final_test,3.0,1,70,220.85034988704132,False,True,False,1
remote_server_final_test,3.0,1,80,224.99644141644237,False,True,False,1
remote_server_final_test,3.0,1,90,231.85894969501533,False,True,False,1
remote_server_final_test,3.0,1,95,237.68897148547688,False,True,False,1
remote_server_final_test,3.0,1,99,246.07540714438073,False,True,False,1
remote_server_final_test,3.0,2,50,216.1436460446566,True,False,False,2
remote_server_final_test,3.0,2,70,220.85034988704132,True,False,False,2
remote_server_final_test,3.0,2,80,224.99644141644237,True,False,False,2
remote_server_final_test,3.0,2,90,231.85894969501533,True,False,False,2
remote_server_final_test,3.0,2,95,237.68897148547688,True,False,False,2
remote_server_final_test,3.0,2,99,246.07540714438073,True,False,False,2
remote_server_final_test,4.0,1,50,261.58695851336233,False,True,False,1
remote_server_final_test,4.0,1,70,297.0433328766376,False,True,False,1
remote_server_final_test,4.0,1,80,319.27134181605646,False,True,False,1
remote_server_final_test,4.0,1,90,336.9373457855545,False,True,False,1
remote_server_final_test,4.0,1,95,342.3066729330457,False,True,False,1
remote_server_final_test,4.0,1,99,354.43541705957614,False,True,False,1
remote_server_final_test,4.0,2,50,261.58695851336233,False,False,False,3
remote_server_final_test,4.0,2,70,297.0433328766376,False,False,False,3
remote_server_final_test,4.0,2,80,319.27134181605646,False,False,False,3
remote_server_final_test,4.0,2,90,336.9373457855545,False,False,False,3
remote_server_final_test,4.0,2,95,342.3066729330457,False,False,False,3
remote_server_final_test,4.0,2,99,354.43541705957614,False,False,False,3
remote_server_final_test,4.0,3,50,261.58695851336233,True,False,False,2
remote_server_final_test,4.0,3,70,297.0433328766376,True,False,False,2
remote_server_final_test,4.0,3,80,319.27134181605646,True,False,False,2
remote_server_final_test,4.0,3,90,336.9373457855545,True,False,False,2
remote_server_final_test,4.0,3,95,342.3066729330457,True,False,False,2
remote_server_final_test,4.0,3,99,354.43541705957614,True,False,False,2
remote_server_final_test,5.0,1,50,292.7930004952941,False,True,False,1
remote_server_final_test,5.0,1,70,300.0729497871361,False,True,False,1
remote_server_final_test,5.0,1,80,306.43115002894774,False,True,False,1
remote_server_final_test,5.0,1,90,321.18149559828447,False,True,False,1
remote_server_final_test,5.0,1,95,338.00470768765075,False,True,False,1
remote_server_final_test,5.0,1,99,368.163612060016,False,True,False,1
remote_server_final_test,5.0,2,50,292.7930004952941,False,True,False,1
remote_server_final_test,5.0,2,70,300.0729497871361,False,True,False,1
remote_server_final_test,5.0,2,80,306.43115002894774,False,True,False,1
remote_server_final_test,5.0,2,90,321.18149559828447,False,True,False,1
remote_server_final_test,5.0,2,95,338.00470768765075,False,True,False,1
remote_server_final_test,5.0,2,99,368.163612060016,False,True,False,1
remote_server_final_test,5.0,3,50,292.7930004952941,True,False,False,2
remote_server_final_test,5.0,3,70,300.0729497871361,True,False,False,2
remote_server_final_test,5.0,3,80,306.43115002894774,True,False,False,2
remote_server_final_test,5.0,3,90,321.18149559828447,True,False,False,2
remote_server_final_test,5.0,3,95,338.00470768765075,True,False,False,2
remote_server_final_test,5.0,3,99,368.163612060016,True,False,False,2
remote_server_final_test,5.0,4,50,292.7930004952941,True,False,False,2
remote_server_final_test,5.0,4,70,300.0729497871361,True,False,False,2
remote_server_final_test,5.0,4,80,306.43115002894774,True,False,False,2
remote_server_final_test,5.0,4,90,321.18149559828447,True,False,False,2
remote_server_final_test,5.0,4,95,338.00470768765075,True,False,False,2
remote_server_final_test,5.0,4,99,368.163612060016,True,False,False,2
remote_server_final_test,6.0,1,50,328.28547951066867,False,True,False,1
remote_server_final_test,6.0,1,70,334.8900836077519,False,True,False,1
remote_server_final_test,6.0,1,80,341.77220002748066,False,True,False,1
remote_server_final_test,6.0,1,90,364.2212833859958,False,True,False,1
remote_server_final_test,6.0,1,95,401.69491425913276,False,True,False,1
remote_server_final_test,6.0,1,99,418.49116260244045,False,True,False,1
remote_server_final_test,6.0,2,50,328.28547951066867,False,True,False,1
remote_server_final_test,6.0,2,70,334.8900836077519,False,True,False,1
remote_server_final_test,6.0,2,80,341.77220002748066,False,True,False,1
remote_server_final_test,6.0,2,90,364.2212833859958,False,True,False,1
remote_server_final_test,6.0,2,95,401.69491425913276,False,True,False,1
remote_server_final_test,6.0,2,99,418.49116260244045,False,True,False,1
remote_server_final_test,6.0,3,50,328.28547951066867,True,True,True,0
remote_server_final_test,6.0,3,70,334.8900836077519,True,True,True,0
remote_server_final_test,6.0,3,80,341.77220002748066,True,True,True,0
remote_server_final_test,6.0,3,90,364.2212833859958,True,True,True,0
remote_server_final_test,6.0,3,95,401.69491425913276,False,False,False,3
remote_server_final_test,6.0,3,99,418.49116260244045,False,False,False,3
remote_server_final_test,6.0,4,50,328.28547951066867,True,False,False,2
remote_server_final_test,6.0,4,70,334.8900836077519,True,False,False,2
remote_server_final_test,6.0,4,80,341.77220002748066,True,False,False,2
remote_server_final_test,6.0,4,90,364.2212833859958,True,False,False,2
remote_server_final_test,6.0,4,95,401.69491425913276,True,False,False,2
remote_server_final_test,6.0,4,99,418.49116260244045,True,False,False,2
remote_server_final_test,6.0,5,50,328.28547951066867,True,False,False,2
remote_server_final_test,6.0,5,70,334.8900836077519,True,False,False,2
remote_server_final_test,6.0,5,80,341.77220002748066,True,False,False,2
remote_server_final_test,6.0,5,90,364.2212833859958,True,False,False,2
remote_server_final_test,6.0,5,95,401.69491425913276,True,False,False,2
remote_server_final_test,6.0,5,99,418.49116260244045,True,False,False,2
remote_server_final_test,7.0,1,50,364.3487920053303,False,True,False,1
remote_server_final_test,7.0,1,70,370.74110458488576,False,True,False,1
remote_server_final_test,7.0,1,80,376.3830497977323,False,True,False,1
remote_server_final_test,7.0,1,90,387.20970061840484,False,True,False,1
remote_server_final_test,7.0,1,95,394.316439886461,False,True,False,1
remote_server_final_test,7.0,1,99,404.7161375981522,False,True,False,1
remote_server_final_test,7.0,2,50,364.3487920053303,False,True,False,1
remote_server_final_test,7.0,2,70,370.74110458488576,False,True,False,1
remote_server_final_test,7.0,2,80,376.3830497977323,False,True,False,1
remote_server_final_test,7.0,2,90,387.20970061840484,False,True,False,1
remote_server_final_test,7.0,2,95,394.316439886461,False,True,False,1
remote_server_final_test,7.0,2,99,404.7161375981522,False,True,False,1
remote_server_final_test,7.0,3,50,364.3487920053303,True,True,True,0
remote_server_final_test,7.0,3,70,370.74110458488576,True,True,True,0
remote_server_final_test,7.0,3,80,376.3830497977323,False,True,False,1
remote_server_final_test,7.0,3,90,387.20970061840484,False,True,False,1
remote_server_final_test,7.0,3,95,394.316439886461,False,True,False,1
remote_server_final_test,7.0,3,99,404.7161375981522,False,True,False,1
remote_server_final_test,7.0,4,50,364.3487920053303,True,True,True,0
remote_server_final_test,7.0,4,70,370.74110458488576,True,True,True,0
remote_server_final_test,7.0,4,80,376.3830497977323,True,False,False,2
remote_server_final_test,7.0,4,90,387.20970061840484,True,False,False,2
remote_server_final_test,7.0,4,95,394.316439886461,True,False,False,2
remote_server_final_test,7.0,4,99,404.7161375981522,True,False,False,2
remote_server_final_test,7.0,5,50,364.3487920053303,True,False,False,2
remote_server_final_test,7.0,5,70,370.74110458488576,True,False,False,2
remote_server_final_test,7.0,5,80,376.3830497977323,True,False,False,2
remote_server_final_test,7.0,5,90,387.20970061840484,True,False,False,2
remote_server_final_test,7.0,5,95,394.316439886461,True,False,False,2
remote_server_final_test,7.0,5,99,404.7161375981522,True,False,False,2
remote_server_final_test,7.0,6,50,364.3487920053303,True,False,False,2
remote_server_final_test,7.0,6,70,370.74110458488576,True,False,False,2
remote_server_final_test,7.0,6,80,376.3830497977323,True,False,False,2
remote_server_final_test,7.0,6,90,387.20970061840484,True,False,False,2
remote_server_final_test,7.0,6,95,394.316439886461,True,False,False,2
remote_server_final_test,7.0,6,99,404.7161375981522,True,False,False,2
remote_server_final_test,8.0,1,50,400.84391698474064,False,True,False,1
remote_server_final_test,8.0,1,70,407.0557542145252,False,True,False,1
remote_server_final_test,8.0,1,80,411.5088840248063,False,True,False,1
remote_server_final_test,8.0,1,90,418.80156669649296,False,True,False,1
remote_server_final_test,8.0,1,95,428.93580597010435,False,True,False,1
remote_server_final_test,8.0,1,99,441.3346241239924,False,True,False,1
remote_server_final_test,8.0,2,50,400.84391698474064,False,True,False,1
remote_server_final_test,8.0,2,70,407.0557542145252,False,True,False,1
remote_server_final_test,8.0,2,80,411.5088840248063,False,True,False,1
remote_server_final_test,8.0,2,90,418.80156669649296,False,True,False,1
remote_server_final_test,8.0,2,95,428.93580597010435,False,True,False,1
remote_server_final_test,8.0,2,99,441.3346241239924,False,True,False,1
remote_server_final_test,8.0,3,50,400.84391698474064,False,True,False,1
remote_server_final_test,8.0,3,70,407.0557542145252,False,True,False,1
remote_server_final_test,8.0,3,80,411.5088840248063,False,True,False,1
remote_server_final_test,8.0,3,90,418.80156669649296,False,True,False,1
remote_server_final_test,8.0,3,95,428.93580597010435,False,True,False,1
remote_server_final_test,8.0,3,99,441.3346241239924,False,True,False,1
remote_server_final_test,8.0,4,50,400.84391698474064,True,True,True,0
remote_server_final_test,8.0,4,70,407.0557542145252,True,True,True,0
remote_server_final_test,8.0,4,80,411.5088840248063,True,True,True,0
remote_server_final_test,8.0,4,90,418.80156669649296,True,True,True,0
remote_server_final_test,8.0,4,95,428.93580597010435,True,True,True,0
remote_server_final_test,8.0,4,99,441.3346241239924,True,True,True,0
remote_server_final_test,8.0,5,50,400.84391698474064,True,False,False,2
remote_server_final_test,8.0,5,70,407.0557542145252,True,False,False,2
remote_server_final_test,8.0,5,80,411.5088840248063,True,False,False,2
remote_server_final_test,8.0,5,90,418.80156669649296,True,False,False,2
remote_server_final_test,8.0,5,95,428.93580597010435,True,False,False,2
remote_server_final_test,8.0,5,99,441.3346241239924,True,False,False,2
remote_server_final_test,8.0,6,50,400.84391698474064,True,False,False,2
remote_server_final_test,8.0,6,70,407.0557542145252,True,False,False,2
remote_server_final_test,8.0,6,80,411.5088840248063,True,False,False,2
remote_server_final_test,8.0,6,90,418.80156669649296,True,False,False,2
remote_server_final_test,8.0,6,95,428.93580597010435,True,False,False,2
remote_server_final_test,8.0,6,99,441.3346241239924,True,False,False,2
remote_server_final_test,8.0,7,50,400.84391698474064,True,False,False,2
remote_server_final_test,8.0,7,70,407.0557542145252,True,False,False,2
remote_server_final_test,8.0,7,80,411.5088840248063,True,False,False,2
remote_server_final_test,8.0,7,90,418.80156669649296,True,False,False,2
remote_server_final_test,8.0,7,95,428.93580597010435,True,False,False,2
remote_server_final_test,8.0,7,99,441.3346241239924,True,False,False,2
